name,id,frame_num,x,y,confidence
0,1,429,416,0.879310131072998
0,1,490,528,0.7601147294044495
0,1,532,1358,0.7148996591567993
0,1,588,881,0.6919733881950378
0,2,490,528,0.801193118095398
0,2,532,1359,0.6303873062133789
0,2,589,883,0.7972759008407593
0,3,490,528,0.7542296051979065
0,3,532,1358,0.6161035299301147
0,3,588,883,0.6387318968772888
0,4,491,527,0.6494579315185547
0,4,532,1358,0.6769583821296692
0,4,588,883,0.6858886480331421
0,5,491,528,0.3125222623348236
0,5,532,1363,0.6831051707267761
0,5,587,880,0.7310447096824646
0,6,491,527,0.2870848476886749
0,6,532,1364,0.6351690888404846
0,6,587,879,0.7997559309005737
0,6,0,690,0.5857797861099243
0,7,491,527,0.6000739932060242
0,7,532,1363,0.5679161548614502
0,7,586,880,0.6229156851768494
0,7,0,691,0.5570420622825623
0,8,492,527,0.7618810534477234
0,8,532,1360,0.47668710350990295
0,8,586,880,0.5368330478668213
0,8,0,693,0.5611671209335327
0,9,490,526,0.8013941049575806
0,9,532,1359,0.4735907018184662
0,9,586,879,0.5270547270774841
0,9,0,693,0.5542120337486267
0,10,491,528,0.8323869109153748
0,10,532,1359,0.5366108417510986
0,10,585,878,0.4919149577617645
0,10,0,690,0.5536988377571106
0,11,491,527,0.7965715527534485
0,11,532,1359,0.5561556220054626
0,11,584,878,0.4622405767440796
0,11,0,690,0.5344449281692505
0,12,491,528,0.8133789896965027
0,12,532,1361,0.5873879194259644
0,12,583,878,0.46461236476898193
0,12,0,689,0.5348674058914185
1,12,405,591,0.7052233219146729
0,13,490,528,0.8456065654754639
0,13,532,1360,0.6751384735107422
0,13,582,878,0.3108697533607483
0,13,0,690,0.5540707111358643
1,13,396,596,0.7160374522209167
0,14,490,528,0.8492321372032166
0,14,532,1359,0.6261705756187439
0,14,582,878,0.3331078886985779
0,14,0,689,0.5509461760520935
1,14,385,605,0.8194072246551514
0,15,490,528,0.7262867093086243
0,15,532,1360,0.5914888978004456
0,15,582,878,0.3232463300228119
0,15,0,690,0.5198276042938232
1,15,377,617,0.8727684020996094
0,16,490,528,0.73610520362854
0,16,532,1360,0.5086539387702942
0,16,581,878,0.29986482858657837
0,16,0,692,0.4029785692691803
1,16,369,629,0.8788312077522278
0,17,490,528,0.4897828698158264
0,17,532,1360,0.6018769145011902
0,17,581,878,0.2913733720779419
0,17,0,691,0.31029242277145386
1,17,359,640,0.8079296350479126
0,18,490,528,0.6067207455635071
0,18,532,1360,0.5597326755523682
0,18,581,878,0.2696051299571991
0,18,0,706,0.24430452287197113
1,18,352,652,0.8348897099494934
0,19,490,528,0.5522167086601257
0,19,532,1360,0.5252507925033569
0,19,581,878,0.22551991045475006
0,19,0,711,0.2855512201786041
1,19,347,664,0.6670873165130615
0,20,490,528,0.6216233372688293
0,20,532,1360,0.5200217366218567
0,20,582,879,0.16785328090190887
0,20,0,701,0.2786790132522583
1,20,348,675,0.7579132318496704
0,21,490,528,0.4423427879810333
0,21,532,1360,0.6185073852539062
0,21,582,879,0.1684328019618988
0,21,0,710,0.4150717258453369
1,21,353,688,0.7183846235275269
0,22,490,527,0.34510043263435364
0,22,532,1360,0.6506410241127014
0,22,581,880,0.19095325469970703
0,22,0,701,0.5497419238090515
1,22,362,701,0.6449320316314697
0,23,490,526,0.3802431523799896
0,23,532,1360,0.6938453912734985
0,23,581,880,0.21217043697834015
0,23,0,698,0.5032755136489868
1,23,370,718,0.37392914295196533
0,24,490,526,0.3749183714389801
0,24,532,1359,0.7148658633232117
0,24,581,881,0.19478026032447815
0,24,0,696,0.4206125736236572
1,24,379,735,0.11389921605587006
0,24,410,902,0.546849250793457
0,25,490,526,0.27301985025405884
0,25,532,1359,0.6893596649169922
0,25,581,880,0.19297157227993011
0,25,0,734,0.30647051334381104
1,25,386,752,0.5104067325592041
0,25,412,911,0.25725534558296204
0,26,490,526,0.2879641056060791
0,26,532,1360,0.5745601654052734
0,26,581,881,0.1152806282043457
0,26,0,733,0.290384978055954
1,26,390,774,0.2637362480163574
0,26,398,918,0.22716471552848816
0,26,325,1072,0.5988752841949463
0,27,490,526,0.19613830745220184
0,27,532,1360,0.6497313976287842
0,27,581,881,0.10253291577100754
0,27,0,715,0.30954742431640625
0,27,392,795,0.11404886841773987
0,27,324,1072,0.5653231739997864
0,28,491,525,0.10727106034755707
0,28,532,1360,0.6277865767478943
0,28,581,881,0.15599790215492249
0,28,0,698,0.33694085478782654
0,28,395,821,0.23836646974086761
0,28,324,1071,0.5221506357192993
0,29,491,527,0.10964231193065643
0,29,532,1360,0.6118173599243164
0,29,582,881,0.19798283278942108
0,29,0,691,0.3881032466888428
1,29,397,845,0.18187575042247772
0,29,324,1071,0.5422399640083313
0,30,491,526,0.13722850382328033
0,30,532,1359,0.6348466277122498
0,30,582,881,0.1483968049287796
0,30,0,690,0.5137778520584106
0,30,324,1071,0.5645508766174316
0,31,490,526,0.1313791275024414
0,31,532,1359,0.7111427783966064
0,31,582,881,0.18760870397090912
0,31,0,690,0.584887683391571
0,31,324,1071,0.514196515083313
0,32,532,1359,0.7430922389030457
0,32,582,881,0.2041739523410797
0,32,0,689,0.4595032036304474
0,32,324,1071,0.4885481894016266
0,33,533,1359,0.7171791791915894
0,33,583,880,0.27275919914245605
0,33,0,689,0.35761919617652893
0,33,324,1071,0.5051661729812622
0,34,533,1360,0.7382714152336121
0,34,583,881,0.25847184658050537
0,34,0,689,0.3392835557460785
0,34,324,1071,0.5434767007827759
0,35,533,1359,0.7042676210403442
0,35,583,880,0.26731371879577637
0,35,0,689,0.40004509687423706
0,35,324,1071,0.5073925852775574
0,36,533,1359,0.6228757500648499
0,36,583,881,0.11419492959976196
0,36,0,689,0.3299207389354706
0,36,324,1071,0.4148273169994354
0,37,533,1359,0.7223241329193115
0,37,584,881,0.15501028299331665
0,37,0,690,0.4119866192340851
0,37,324,1071,0.39487290382385254
0,38,533,1359,0.7238918542861938
0,38,585,883,0.18668130040168762
0,38,0,691,0.4726704955101013
0,38,324,1071,0.38321608304977417
0,39,533,1359,0.6723799705505371
0,39,585,883,0.13897372782230377
0,39,0,691,0.3700408935546875
0,39,324,1071,0.2886139452457428
0,40,532,1362,0.3788434565067291
0,40,585,884,0.17696203291416168
0,40,0,691,0.4223296046257019
0,40,324,1071,0.33378010988235474
0,41,516,1348,0.9469434022903442
0,41,586,884,0.10227558761835098
0,41,0,690,0.3687557876110077
0,41,324,1071,0.3198985755443573
0,41,544,1536,0.5385343432426453
0,42,525,1356,0.6320226788520813
0,42,587,884,0.2629821002483368
0,42,0,689,0.377047061920166
0,42,324,1071,0.3228566348552704
0,42,544,1535,0.15928632020950317
0,43,530,1358,0.751117467880249
0,43,587,885,0.28471139073371887
0,43,0,689,0.33307963609695435
0,43,324,1071,0.3290347754955292
0,43,544,1535,0.2363835722208023
0,44,531,1358,0.7395594716072083
0,44,588,885,0.11608486622571945
0,44,0,689,0.1907186657190323
0,44,324,1070,0.21872517466545105
0,44,544,1535,0.2494363933801651
0,45,532,1359,0.6601539850234985
0,45,0,688,0.16805213689804077
0,45,322,1071,0.19401691854000092
0,45,544,1535,0.24694599211215973
0,46,532,1359,0.6767427325248718
0,46,0,688,0.3449467420578003
0,46,324,1071,0.47626155614852905
0,46,544,1535,0.25547894835472107
0,47,532,1359,0.5982184410095215
0,47,0,689,0.3736083507537842
0,47,324,1071,0.4513522982597351
0,47,544,1535,0.22433319687843323
0,48,532,1360,0.6114816665649414
0,48,0,690,0.37653085589408875
0,48,324,1071,0.5104779601097107
0,48,544,1535,0.23611077666282654
0,49,532,1360,0.56976717710495
0,49,0,699,0.6444750428199768
0,49,325,1071,0.5365244746208191
0,49,544,1535,0.20148201286792755
0,50,532,1360,0.6349679827690125
0,50,0,683,0.412239134311676
0,50,325,1071,0.5345838665962219
0,50,544,1535,0.22100871801376343
0,50,669,998,0.6216021180152893
0,51,532,1360,0.5944598317146301
0,51,0,678,0.6083636283874512
0,51,325,1071,0.5666452050209045
0,51,544,1535,0.24239638447761536
0,51,676,983,0.6615715622901917
0,52,532,1361,0.6131253242492676
0,52,0,677,0.6642885804176331
0,52,325,1071,0.5549184679985046
0,52,544,1535,0.22857680916786194
0,52,681,967,0.6514584422111511
0,53,532,1364,0.6312301158905029
0,53,0,676,0.5223314762115479
0,53,325,1072,0.5623294711112976
0,53,544,1535,0.17845256626605988
0,53,686,954,0.8065897822380066
0,53,436,819,0.5929949879646301
0,54,532,1363,0.6119818687438965
0,54,0,676,0.2540152072906494
0,54,325,1072,0.5801109671592712
0,54,544,1535,0.3005560040473938
0,54,688,937,0.3536258041858673
0,54,436,819,0.44875675439834595
0,55,532,1363,0.6379860043525696
0,55,0,676,0.3519918620586395
0,55,325,1072,0.5815996527671814
0,55,544,1535,0.21134087443351746
0,55,688,923,0.6709457635879517
0,55,435,819,0.49681493639945984
0,56,532,1363,0.625544011592865
0,56,0,678,0.3200681507587433
0,56,325,1072,0.5969253182411194
0,56,544,1535,0.24188171327114105
0,56,689,909,0.3537807762622833
0,56,435,819,0.5496717691421509
0,56,493,869,0.6727527379989624
0,57,532,1362,0.5888612866401672
0,57,0,674,0.1902213990688324
0,57,325,1072,0.5428552627563477
0,57,544,1535,0.2899949550628662
0,57,435,819,0.3451290428638458
0,57,493,868,0.5063012838363647
0,58,532,1360,0.6067464351654053
0,58,0,673,0.2958354651927948
0,58,325,1071,0.5264228582382202
0,58,544,1535,0.19540998339653015
0,58,435,819,0.28740355372428894
0,58,492,864,0.45476198196411133
0,59,532,1361,0.614446759223938
0,59,0,672,0.19288787245750427
0,59,325,1071,0.5249796509742737
0,59,544,1535,0.14198169112205505
0,59,435,819,0.35343077778816223
0,59,490,856,0.30821681022644043
0,60,532,1362,0.5690587162971497
0,60,0,674,0.3020825982093811
0,60,325,1071,0.5097405314445496
0,60,544,1535,0.20509277284145355
0,60,435,818,0.71132493019104
0,60,489,832,0.16458497941493988
0,60,490,526,0.549483597278595
0,61,532,1361,0.5237870812416077
0,61,0,678,0.3596835136413574
0,61,325,1071,0.47217366099357605
0,61,544,1535,0.2616386413574219
0,61,435,816,0.8587068319320679
0,61,487,828,0.145001620054245
0,61,491,526,0.4585646688938141
0,62,531,1362,0.5590786337852478
0,62,35,676,0.3304874300956726
0,62,325,1071,0.4625415503978729
0,62,544,1535,0.21127955615520477
0,62,435,815,0.8273022174835205
0,62,473,817,0.6101083755493164
0,62,490,526,0.5985518097877502
0,63,531,1361,0.48499810695648193
0,63,52,673,0.30391737818717957
0,63,325,1071,0.4523555636405945
0,63,543,1535,0.230804443359375
0,63,435,814,0.7861050367355347
0,63,474,810,0.23453812301158905
0,63,490,526,0.6903553009033203
1,63,655,713,0.77744060754776
0,64,531,1361,0.520136833190918
0,64,84,668,0.3198297321796417
0,64,325,1071,0.4612506031990051
0,64,543,1535,0.16995300352573395
0,64,435,813,0.8724134564399719
0,64,481,809,0.43254658579826355
0,64,491,526,0.6719685196876526
1,64,651,696,0.3189752399921417
0,65,531,1362,0.5075293183326721
0,65,86,665,0.368031769990921
0,65,325,1070,0.4274747967720032
0,65,544,1535,0.22699697315692902
0,65,435,811,0.8602980375289917
0,65,483,807,0.6113700270652771
0,65,490,527,0.8107852339744568
1,65,646,676,0.5460452437400818
0,66,531,1361,0.5783965587615967
0,66,166,659,0.23163382709026337
0,66,325,1070,0.47581201791763306
0,66,544,1535,0.17631353437900543
0,66,433,809,0.7923420071601868
0,66,491,528,0.861327588558197
1,66,641,655,0.6141086220741272
0,67,531,1360,0.5284841656684875
0,67,161,656,0.26796725392341614
0,67,325,1070,0.42443233728408813
0,67,543,1535,0.24400733411312103
0,67,435,808,0.41859516501426697
0,67,491,528,0.8509687185287476
1,67,629,636,0.5530427694320679
0,67,779,472,0.6012426018714905
0,68,530,1360,0.5849303007125854
0,68,202,655,0.2030128538608551
0,68,325,1070,0.39706310629844666
0,68,543,1535,0.28086861968040466
0,68,435,806,0.13806208968162537
0,68,490,528,0.8247530460357666
1,68,616,621,0.7887769937515259
0,68,779,472,0.5917319059371948
0,68,587,884,0.5534407496452332
0,69,530,1360,0.6047827005386353
0,69,204,652,0.17316091060638428
0,69,326,1070,0.41642823815345764
0,69,544,1535,0.3623810410499573
0,69,434,805,0.11142981797456741
0,69,490,528,0.833846390247345
1,69,600,608,0.4069279432296753
0,69,779,472,0.6805815100669861
0,69,586,884,0.5486500263214111
0,70,530,1360,0.644568920135498
0,70,173,648,0.18996970355510712
0,70,325,1071,0.44856444001197815
0,70,544,1535,0.38889968395233154
0,70,491,528,0.7675636410713196
1,70,583,596,0.3387930393218994
0,70,779,472,0.5646031498908997
0,70,586,884,0.6334649920463562
0,71,530,1361,0.6229748725891113
0,71,208,656,0.10121171921491623
0,71,326,1071,0.42541489005088806
0,71,543,1535,0.32063135504722595
0,71,490,528,0.8126000165939331
0,71,563,587,0.1388683021068573
0,71,779,472,0.5732625126838684
0,71,586,883,0.6447850465774536
0,72,530,1359,0.6672773957252502
0,72,334,655,0.34508731961250305
0,72,326,1071,0.3845289349555969
0,72,544,1535,0.23954497277736664
0,72,490,527,0.7355529069900513
1,72,544,576,0.28848889470100403
0,72,779,472,0.5341399312019348
0,72,586,881,0.6738033890724182
0,73,530,1362,0.5817923545837402
0,73,378,654,0.47455304861068726
0,73,325,1071,0.4257984757423401
0,73,544,1536,0.15298263728618622
0,73,491,528,0.4532608985900879
1,73,526,573,0.1503681093454361
0,73,779,472,0.3651154637336731
0,73,586,880,0.693075954914093
0,74,530,1360,0.6126344203948975
0,74,387,644,0.5830652117729187
0,74,325,1071,0.4482990801334381
0,74,544,1535,0.1824706643819809
0,74,492,528,0.2162529081106186
0,74,779,472,0.39589715003967285
0,74,585,879,0.6093621253967285
0,75,531,1363,0.5873039364814758
0,75,388,640,0.46042928099632263
0,75,325,1071,0.42749762535095215
0,75,543,1535,0.14586618542671204
0,75,492,528,0.6293013095855713
0,75,779,472,0.309008926153183
0,75,585,880,0.5258201360702515
0,76,531,1362,0.5640305876731873
0,76,385,640,0.36901602149009705
0,76,325,1071,0.4471282660961151
0,76,543,1535,0.17399094998836517
0,76,492,527,0.7689706087112427
0,76,779,472,0.2666796147823334
0,76,584,879,0.484811931848526
0,77,531,1364,0.5946402549743652
0,77,381,635,0.33516523241996765
0,77,325,1071,0.4385099709033966
0,77,543,1535,0.19703014194965363
0,77,490,528,0.8810530304908752
0,77,779,473,0.2755982279777527
0,77,583,878,0.43711310625076294
0,78,531,1363,0.5738638639450073
0,78,377,633,0.3496421277523041
0,78,325,1071,0.4674830734729767
0,78,544,1535,0.1725739687681198
0,78,491,528,0.9452970027923584
0,78,779,473,0.2555463910102844
0,78,583,879,0.5127969980239868
1,78,432,567,0.6133102178573608
0,79,531,1363,0.5379546880722046
0,79,368,641,0.3236878216266632
0,79,325,1071,0.45523983240127563
0,79,544,1535,0.21620912849903107
0,79,490,528,0.9154499769210815
0,79,779,473,0.17310555279254913
0,79,582,878,0.5050010085105896
1,79,418,570,0.6535649299621582
0,80,530,1363,0.5596338510513306
0,80,357,643,0.2501450181007385
0,80,325,1071,0.4485248029232025
0,80,544,1535,0.1552806794643402
0,80,491,528,0.8407840132713318
0,80,779,472,0.18594138324260712
0,80,582,878,0.39365604519844055
1,80,403,573,0.6752413511276245
0,81,530,1363,0.6135563254356384
0,81,355,646,0.2010345309972763
0,81,325,1071,0.44946691393852234
0,81,544,1535,0.1778528392314911
0,81,491,528,0.8785282969474792
0,81,779,473,0.17798054218292236
0,81,581,877,0.42769601941108704
1,81,388,579,0.6495689749717712
0,82,530,1361,0.5257722735404968
0,82,359,654,0.20866648852825165
0,82,325,1071,0.47535744309425354
0,82,544,1535,0.13662567734718323
0,82,491,528,0.9057996869087219
0,82,779,473,0.2100081592798233
0,82,581,877,0.3626949191093445
1,82,376,586,0.7031530141830444
0,83,530,1361,0.5283661484718323
0,83,363,658,0.29712972044944763
0,83,325,1071,0.49079757928848267
0,83,544,1535,0.11575552076101303
0,83,491,528,0.9367997646331787
0,83,779,472,0.289521723985672
0,83,581,877,0.3175004720687866
1,83,366,596,0.8395203351974487
0,84,530,1360,0.5819114446640015
0,84,365,634,0.4368320405483246
0,84,325,1071,0.47418785095214844
0,84,543,1535,0.14604072272777557
0,84,491,528,0.8846275210380554
0,84,779,473,0.17226527631282806
0,84,581,877,0.3321637213230133
1,84,354,606,0.8319125771522522
0,85,530,1360,0.49141600728034973
0,85,361,640,0.4277782738208771
0,85,325,1071,0.48617786169052124
0,85,543,1535,0.13410939276218414
0,85,491,528,0.8541271090507507
0,85,779,472,0.20996059477329254
0,85,580,877,0.3335571885108948
1,85,347,616,0.6360570788383484
0,86,530,1361,0.4847520589828491
0,86,359,650,0.2680818736553192
0,86,325,1071,0.47502151131629944
0,86,543,1535,0.1108432337641716
0,86,491,528,0.7852224111557007
0,86,779,472,0.17535150051116943
0,86,580,877,0.29349425435066223
1,86,343,628,0.6358088850975037
0,87,531,1362,0.4261539876461029
0,87,364,658,0.4212423264980316
0,87,325,1072,0.46818462014198303
0,87,543,1535,0.15829797089099884
0,87,491,528,0.6567919254302979
0,87,779,472,0.16235437989234924
0,87,579,877,0.3658449053764343
1,87,343,642,0.6818822622299194
0,88,531,1362,0.4883282482624054
0,88,365,661,0.37314388155937195
0,88,325,1071,0.414892315864563
0,88,543,1535,0.16394011676311493
0,88,491,528,0.6264840960502625
0,88,779,472,0.1358901560306549
0,88,579,878,0.3186783194541931
1,88,341,655,0.6847989559173584
0,89,531,1363,0.3875257968902588
0,89,365,663,0.3677283227443695
0,89,325,1071,0.4217293858528137
0,89,543,1535,0.21227994561195374
0,89,491,528,0.5560026168823242
0,89,779,472,0.16772912442684174
0,89,578,878,0.3048722445964813
1,89,339,670,0.511644721031189
0,90,532,1363,0.4030466377735138
0,90,369,663,0.396640419960022
0,90,325,1072,0.5162355899810791
0,90,543,1536,0.2119797170162201
0,90,491,527,0.4960955083370209
0,90,779,472,0.20032933354377747
0,90,578,878,0.28001198172569275
1,90,346,688,0.4650023579597473
0,91,532,1363,0.5542564988136292
0,91,352,672,0.2291472852230072
0,91,325,1072,0.46541085839271545
0,91,544,1535,0.1669737547636032
0,91,491,526,0.32938051223754883
0,91,779,472,0.1125684455037117
0,91,578,878,0.3308101296424866
1,91,353,701,0.16106268763542175
0,91,428,831,0.555193305015564
0,91,408,898,0.5128961801528931
0,92,532,1362,0.6628708243370056
0,92,347,670,0.2635074555873871
0,92,324,1072,0.4549499750137329
0,92,544,1536,0.15392766892910004
0,92,490,526,0.3686545789241791
0,92,779,472,0.11376847326755524
0,92,578,878,0.32476574182510376
0,92,410,907,0.5041231513023376
0,93,532,1361,0.6892383694648743
0,93,349,673,0.16707901656627655
0,93,325,1072,0.4467453360557556
0,93,544,1536,0.24037012457847595
0,93,490,526,0.3912903666496277
0,93,779,472,0.12743787467479706
0,93,578,878,0.27540016174316406
0,94,533,1360,0.6190649271011353
0,94,363,668,0.15046735107898712
0,94,325,1072,0.504769504070282
0,94,544,1536,0.24729329347610474
0,94,491,527,0.31814417243003845
0,94,779,472,0.1464880257844925
0,94,579,878,0.22024156153202057
0,95,533,1361,0.6446977853775024
0,95,371,665,0.14809948205947876
0,95,325,1072,0.47473621368408203
0,95,544,1536,0.21256354451179504
0,95,490,527,0.36049124598503113
0,95,779,472,0.12133383750915527
0,95,579,878,0.23780399560928345
0,96,533,1361,0.7257300615310669
0,96,374,664,0.13056473433971405
0,96,325,1072,0.4991033673286438
0,96,544,1536,0.18725593388080597
0,96,491,526,0.2880912125110626
0,96,779,472,0.12071970105171204
0,96,580,878,0.2219180315732956
0,97,533,1361,0.6907181739807129
0,97,373,664,0.12930619716644287
0,97,325,1072,0.4518721103668213
0,97,544,1536,0.23754099011421204
0,97,490,526,0.21570874750614166
0,97,779,472,0.10511372983455658
0,97,580,878,0.25421303510665894
0,98,533,1361,0.7037367224693298
0,98,368,664,0.11060871183872223
0,98,325,1072,0.5199811458587646
0,98,544,1536,0.20993667840957642
0,98,491,528,0.30773600935935974
0,98,778,471,0.11096002161502838
0,98,580,878,0.2653307020664215
0,99,533,1362,0.6318231225013733
0,99,352,664,0.11445891857147217
0,99,324,1072,0.5131285190582275
0,99,544,1536,0.20778681337833405
0,99,491,528,0.23716355860233307
0,99,580,878,0.2883237600326538
0,99,377,659,0.929969310760498
0,100,533,1363,0.6689324378967285
0,100,353,664,0.18214868009090424
0,100,324,1072,0.46780383586883545
0,100,544,1535,0.17811821401119232
0,100,491,528,0.15121285617351532
0,100,581,878,0.2574222683906555
0,101,533,1364,0.5786576867103577
0,101,355,664,0.1468084305524826
0,101,324,1072,0.5022204518318176
0,101,544,1535,0.15824702382087708
0,101,491,527,0.20216721296310425
0,101,582,878,0.2890380918979645
0,102,534,1364,0.6262860298156738
0,102,353,664,0.2354932278394699
0,102,324,1072,0.5016583204269409
0,102,544,1535,0.14919795095920563
0,102,491,528,0.21186666190624237
0,102,583,880,0.27543357014656067
0,103,534,1364,0.5293919444084167
0,103,347,662,0.172219380736351
0,103,324,1072,0.5676949620246887
0,103,544,1536,0.2634871006011963
0,103,491,527,0.21464446187019348
0,104,534,1363,0.6538206934928894
0,104,340,663,0.2539481520652771
0,104,324,1072,0.5297870635986328
0,104,544,1536,0.17199848592281342
0,104,491,528,0.1666155606508255
0,105,534,1363,0.6717851161956787
0,105,330,663,0.17131944000720978
0,105,324,1071,0.4976024031639099
0,105,544,1536,0.31408393383026123
0,105,491,527,0.21322877705097198
0,105,584,881,0.574932336807251
0,106,534,1363,0.5955923795700073
0,106,324,1071,0.35637569427490234
0,106,544,1535,0.2261572927236557
0,106,491,526,0.19111885130405426
0,106,585,881,0.3547976315021515
0,107,534,1361,0.6138442754745483
0,107,324,1071,0.37861400842666626
0,107,544,1535,0.20089030265808105
0,107,491,526,0.2309558391571045
0,107,585,881,0.42239996790885925
0,108,534,1362,0.5339139103889465
0,108,324,1071,0.36332452297210693
0,108,544,1535,0.39712879061698914
0,108,491,526,0.2226622998714447
0,108,585,882,0.47220078110694885
0,109,533,1363,0.6028348803520203
0,109,324,1071,0.37424373626708984
0,109,544,1535,0.3429724872112274
0,109,491,526,0.20652391016483307
0,109,586,883,0.47028738260269165
0,110,514,1340,0.8612716794013977
0,110,324,1070,0.39942777156829834
0,110,544,1535,0.3810567259788513
0,110,491,526,0.1751871556043625
0,110,587,884,0.42112618684768677
0,111,524,1353,0.5233467221260071
0,111,325,1070,0.406500905752182
0,111,544,1535,0.21347366273403168
0,111,491,526,0.15267828106880188
0,111,587,885,0.4703117907047272
0,112,530,1357,0.6551509499549866
0,112,325,1070,0.31758156418800354
0,112,544,1535,0.2858337461948395
0,112,491,526,0.1787518709897995
0,112,588,885,0.5632650852203369
0,113,532,1359,0.694692075252533
0,113,325,1070,0.2118939757347107
0,113,544,1535,0.22457000613212585
0,113,490,526,0.16199249029159546
0,113,588,885,0.31747427582740784
0,114,532,1362,0.6255862712860107
0,114,325,1070,0.2591693103313446
0,114,544,1535,0.3294309079647064
0,114,490,526,0.20099519193172455
0,114,589,884,0.1909193992614746
0,115,532,1362,0.6279259920120239
0,115,324,1070,0.3132384419441223
0,115,544,1535,0.3303791880607605
0,115,490,527,0.18033361434936523
0,115,590,883,0.11775626987218857
0,116,532,1363,0.6760345101356506
0,116,324,1071,0.5081354975700378
0,116,544,1535,0.29852256178855896
0,116,490,526,0.16122658550739288
0,116,590,882,0.10368167608976364
0,117,532,1362,0.720965564250946
0,117,325,1071,0.4460009038448334
0,117,544,1535,0.4138124883174896
0,117,490,526,0.1727968454360962
0,118,532,1361,0.6985453367233276
0,118,324,1071,0.48657840490341187
0,118,544,1535,0.41805607080459595
0,118,490,526,0.15746541321277618
0,119,532,1360,0.7362546324729919
0,119,325,1071,0.46676161885261536
0,119,544,1535,0.3209794759750366
0,119,490,526,0.16090813279151917
0,120,532,1361,0.6684091091156006
0,120,325,1071,0.4539192318916321
0,120,544,1535,0.31938251852989197
0,120,490,526,0.15156866610050201
0,120,4,677,0.6038195490837097
0,121,532,1360,0.637677788734436
0,121,325,1071,0.48438161611557007
0,121,544,1535,0.24490323662757874
0,121,490,527,0.15458142757415771
1,121,659,938,0.666015088558197
0,121,0,676,0.554548442363739
0,122,532,1361,0.7277818918228149
0,122,325,1071,0.5223605632781982
0,122,544,1536,0.34807708859443665
0,122,490,528,0.2603101432323456
1,122,665,932,0.20514996349811554
0,122,0,677,0.7452929615974426
0,123,532,1361,0.671938955783844
0,123,325,1071,0.499427855014801
0,123,544,1535,0.23059959709644318
0,123,490,527,0.19616064429283142
1,123,674,921,0.5727376937866211
0,123,0,677,0.7244783043861389
0,124,532,1361,0.6598049402236938
0,124,325,1071,0.45608770847320557
0,124,544,1535,0.2815883159637451
0,124,490,528,0.325812429189682
1,124,675,910,0.5376504063606262
0,124,0,678,0.5680423974990845
0,125,532,1363,0.6846052408218384
0,125,325,1072,0.4716511368751526
0,125,544,1535,0.3527466058731079
0,125,491,528,0.32097703218460083
1,125,670,899,0.5015527606010437
0,125,0,677,0.5609230995178223
0,125,436,815,0.6523215174674988
0,126,532,1361,0.7014349102973938
0,126,325,1071,0.4970244765281677
0,126,544,1535,0.324959933757782
0,126,491,528,0.21427865326404572
1,126,668,891,0.6636112928390503
0,126,0,676,0.5604037642478943
0,126,437,815,0.6313024163246155
0,127,532,1360,0.713972270488739
0,127,325,1071,0.4919522702693939
0,127,544,1535,0.3321130871772766
0,127,491,528,0.23366302251815796
1,127,670,883,0.4499967098236084
0,127,0,674,0.47325727343559265
0,127,437,816,0.5052351355552673
0,128,532,1361,0.7070137858390808
0,128,325,1072,0.5143886804580688
0,128,544,1535,0.2763713002204895
0,128,491,528,0.16419683396816254
1,128,672,873,0.2275983840227127
0,128,0,672,0.3776931166648865
0,128,437,816,0.4397495687007904
0,128,492,867,0.5422784090042114
0,129,532,1360,0.702343225479126
0,129,325,1071,0.5030195713043213
0,129,544,1536,0.3018937408924103
0,129,491,528,0.13459670543670654
1,129,664,857,0.21555794775485992
0,129,0,676,0.3205026090145111
0,129,437,816,0.5134321451187134
0,129,488,862,0.7542917728424072
0,130,532,1361,0.6576617956161499
0,130,325,1071,0.5176057815551758
0,130,544,1535,0.18405470252037048
0,130,491,528,0.238841712474823
1,130,664,843,0.6722918748855591
0,130,0,674,0.22090347111225128
0,130,436,816,0.6710519790649414
0,130,487,858,0.7016168832778931
0,131,532,1360,0.518635630607605
0,131,325,1071,0.5197889804840088
0,131,544,1535,0.18227462470531464
0,131,491,528,0.29798638820648193
1,131,663,826,0.5388820767402649
0,131,0,675,0.351836621761322
0,131,436,815,0.823695957660675
0,131,487,853,0.607212483882904
0,132,532,1360,0.6222192645072937
0,132,325,1071,0.5136924982070923
0,132,544,1535,0.29401999711990356
0,132,491,528,0.4621957540512085
1,132,666,805,0.6632900238037109
0,132,0,674,0.25761866569519043
0,132,436,815,0.7902197241783142
0,133,532,1359,0.6031743884086609
0,133,325,1071,0.48360955715179443
0,133,544,1535,0.3095274567604065
0,133,491,528,0.41279709339141846
1,133,669,787,0.4197462201118469
0,133,0,674,0.25180545449256897
0,133,437,815,0.8761876225471497
0,134,532,1359,0.5874539613723755
0,134,325,1071,0.4920376241207123
0,134,544,1535,0.20404478907585144
0,134,491,527,0.3972078859806061
1,134,670,769,0.6814156770706177
0,134,0,675,0.36046329140663147
0,134,437,814,0.8755937814712524
0,135,532,1360,0.5410271286964417
0,135,324,1071,0.5013225674629211
0,135,544,1535,0.26051557064056396
0,135,491,526,0.4812890291213989
1,135,670,750,0.6478720903396606
0,135,0,676,0.3031293451786041
0,135,437,813,0.8001777529716492
0,136,532,1360,0.5424636006355286
0,136,324,1071,0.483559250831604
0,136,543,1536,0.2543697655200958
0,136,491,526,0.6177264451980591
1,136,667,729,0.5727185010910034
0,136,0,675,0.3967031240463257
0,136,437,812,0.7888015508651733
0,137,532,1360,0.5761367678642273
0,137,324,1072,0.5015536546707153
0,137,544,1536,0.22160759568214417
0,137,491,527,0.5743945837020874
1,137,666,710,0.7533152103424072
0,137,0,734,0.3179768919944763
0,137,438,811,0.7857999801635742
0,138,532,1360,0.5819012522697449
0,138,324,1072,0.4582926630973816
0,138,544,1536,0.24714119732379913
0,138,491,528,0.6066982746124268
1,138,661,694,0.7161409258842468
0,138,10,690,0.40687867999076843
0,138,438,810,0.7203180193901062
0,139,532,1360,0.6271042823791504
0,139,324,1071,0.40815430879592896
0,139,544,1536,0.28331100940704346
0,139,491,528,0.8252922296524048
1,139,653,673,0.719015896320343
0,139,2,673,0.449986070394516
0,139,439,810,0.7924944758415222
0,140,532,1359,0.6586293578147888
0,140,325,1071,0.43797487020492554
0,140,544,1536,0.3203701078891754
0,140,491,528,0.8243433833122253
1,140,643,653,0.5447851419448853
0,140,63,661,0.3725714087486267
0,140,439,809,0.6009550094604492
0,141,532,1360,0.6087853312492371
0,141,325,1071,0.4177004098892212
0,141,544,1536,0.4477567970752716
0,141,490,528,0.7356202006340027
1,141,628,634,0.7173965573310852
0,141,155,658,0.34141048789024353
0,141,439,807,0.3201843202114105
0,142,532,1360,0.59329754114151
0,142,324,1071,0.4468448758125305
0,142,544,1536,0.4008706510066986
0,142,490,528,0.9264317750930786
1,142,613,616,0.555634617805481
0,142,175,641,0.37619471549987793
0,142,439,806,0.11975784599781036
0,142,590,883,0.6226677894592285
0,143,532,1360,0.6299805641174316
0,143,324,1071,0.47390303015708923
0,143,544,1536,0.42009902000427246
0,143,490,528,0.81657475233078
1,143,596,600,0.544128954410553
0,143,171,623,0.383914053440094
0,143,589,881,0.742506742477417
0,144,532,1359,0.6519744992256165
0,144,325,1071,0.4818997383117676
0,144,544,1536,0.32698917388916016
0,144,490,528,0.8939680457115173
1,144,577,586,0.35924020409584045
0,144,138,627,0.3549078106880188
0,144,588,881,0.7469179034233093
0,145,532,1359,0.6631953716278076
0,145,325,1071,0.5275463461875916
0,145,544,1536,0.3118635416030884
0,145,490,528,0.8078617453575134
0,145,559,575,0.18445125222206116
0,145,48,668,0.62867671251297
0,145,588,879,0.8164126873016357
0,146,532,1359,0.7079891562461853
0,146,325,1071,0.49136266112327576
0,146,544,1536,0.37155669927597046
0,146,490,527,0.6474205255508423
0,146,10,683,0.6272644996643066
0,146,588,878,0.8813849091529846
0,147,532,1359,0.7339780926704407
0,147,325,1071,0.48114195466041565
0,147,544,1536,0.48088958859443665
1,147,491,528,0.5731522440910339
0,147,0,688,0.6067824959754944
0,147,588,877,0.8765644431114197
0,147,391,640,0.6426953077316284
0,148,532,1359,0.7484573125839233
0,148,325,1071,0.49763166904449463
0,148,544,1536,0.33890265226364136
1,148,491,528,0.14086948335170746
0,148,0,690,0.6187813878059387
0,148,588,877,0.8500753045082092
0,148,391,639,0.5715826153755188
0,148,3,629,0.580145001411438
0,149,532,1359,0.7487286925315857
0,149,325,1071,0.4865933060646057
0,149,544,1536,0.2656690180301666
0,149,490,528,0.6509687304496765
0,149,0,690,0.6251016855239868
0,149,587,877,0.7898085713386536
0,149,388,632,0.5195993185043335
0,149,14,603,0.6102119088172913
0,150,532,1359,0.7056818604469299
0,150,325,1071,0.49569693207740784
0,150,544,1536,0.3768889904022217
0,150,492,527,0.8600382804870605
0,150,0,691,0.6553941965103149
0,150,586,877,0.7106679081916809
0,150,385,631,0.3946843147277832
0,150,40,598,0.5608747005462646
0,151,532,1360,0.7081902623176575
0,151,325,1071,0.5109232664108276
0,151,544,1536,0.362552672624588
0,151,489,528,0.8572521209716797
0,151,0,693,0.5832955241203308
0,151,586,878,0.7539714574813843
0,151,375,629,0.35688671469688416
0,151,127,585,0.48173242807388306
0,152,532,1361,0.7024996280670166
0,152,325,1071,0.5083452463150024
0,152,544,1536,0.3848799467086792
0,152,491,527,0.8476423025131226
0,152,0,692,0.5889121890068054
0,152,586,877,0.7710574269294739
0,152,366,625,0.313559353351593
0,152,173,579,0.6581084728240967
0,153,532,1362,0.6498011350631714
0,153,325,1071,0.5036705732345581
0,153,544,1536,0.2931085228919983
0,153,490,528,0.8512857556343079
0,153,0,692,0.611627459526062
0,153,586,877,0.6072200536727905
0,153,362,630,0.2653641700744629
0,153,240,597,0.6130339503288269
1,153,413,571,0.6322411298751831
0,154,532,1362,0.6983200311660767
0,154,325,1071,0.4940195381641388
0,154,544,1536,0.3313324749469757
0,154,491,528,0.9095619320869446
0,154,0,690,0.5712296962738037
0,154,585,877,0.4362265169620514
0,154,371,653,0.17981474101543427
0,154,297,632,0.5915773510932922
1,154,399,574,0.5243015289306641
0,155,532,1361,0.7114418745040894
0,155,325,1072,0.4982491135597229
0,155,544,1536,0.3727980852127075
0,155,490,528,0.9093446731567383
0,155,0,693,0.5028917193412781
0,155,584,877,0.4084007740020752
0,155,339,650,0.5569553375244141
1,155,386,582,0.4857950508594513
0,156,532,1361,0.7208269834518433
0,156,325,1072,0.4848259687423706
0,156,544,1536,0.477107971906662
0,156,490,528,0.906292200088501
0,156,0,694,0.5075188279151917
0,156,583,876,0.31943055987358093
0,156,350,659,0.6095101237297058
1,156,373,592,0.8025491237640381
0,157,532,1362,0.7100738286972046
0,157,325,1072,0.468692421913147
0,157,544,1536,0.5583736300468445
0,157,490,528,0.8758432865142822
0,157,0,694,0.49609798192977905
0,157,583,876,0.23716844618320465
0,157,355,646,0.6337457299232483
1,157,361,603,0.9188472032546997
0,158,532,1361,0.6696897745132446
0,158,325,1072,0.503285825252533
0,158,544,1536,0.4862140417098999
0,158,490,528,0.7360016107559204
0,158,0,695,0.3605364263057709
0,158,582,877,0.15510611236095428
0,158,356,651,0.5241134166717529
1,158,349,614,0.7255421280860901
0,159,532,1360,0.6824724674224854
0,159,325,1071,0.47300493717193604
0,159,544,1536,0.42689040303230286
0,159,490,528,0.6566255688667297
0,159,0,693,0.3518104553222656
0,159,582,877,0.17347140610218048
0,159,346,656,0.411846399307251
1,159,340,627,0.7174875140190125
0,160,532,1359,0.7132060527801514
0,160,325,1071,0.4146340489387512
0,160,544,1536,0.4286750853061676
0,160,491,527,0.7286129593849182
0,160,0,712,0.2826378345489502
0,160,582,877,0.14273986220359802
0,160,354,661,0.3403073251247406
1,160,336,640,0.8972839713096619
0,161,532,1359,0.7206740379333496
0,161,325,1071,0.36376655101776123
0,161,544,1535,0.2450794279575348
0,161,491,528,0.7298782467842102
0,161,0,736,0.37638068199157715
0,161,581,877,0.15397784113883972
0,161,357,663,0.28405776619911194
1,161,333,652,0.7050178050994873
0,162,532,1360,0.7224565148353577
0,162,325,1071,0.4086962342262268
0,162,544,1536,0.3157757818698883
0,162,490,528,0.7250967025756836
0,162,0,731,0.39017239212989807
0,162,581,878,0.14380350708961487
0,162,363,664,0.30819639563560486
1,162,330,666,0.5932891368865967
0,163,532,1360,0.6869429349899292
0,163,325,1071,0.478039026260376
0,163,544,1536,0.2809307873249054
0,163,490,528,0.6319237351417542
0,163,2,743,0.33870193362236023
0,163,581,879,0.17527402937412262
0,163,353,671,0.30351579189300537
1,163,327,677,0.4750661551952362
0,164,532,1360,0.721720278263092
0,164,325,1071,0.48325851559638977
0,164,544,1536,0.23576878011226654
0,164,490,528,0.6099895238876343
0,164,0,752,0.3048050105571747
0,164,580,879,0.16841909289360046
0,164,347,674,0.30800652503967285
1,164,334,693,0.48239877820014954
0,165,532,1360,0.7404288053512573
0,165,325,1072,0.42895394563674927
0,165,544,1536,0.18362468481063843
0,165,490,527,0.5377292037010193
0,165,0,711,0.3334297835826874
0,165,580,879,0.1168900653719902
0,165,344,669,0.35189712047576904
1,165,346,702,0.47476598620414734
0,166,532,1360,0.7287839651107788
0,166,325,1072,0.5011013746261597
0,166,544,1536,0.21965140104293823
0,166,489,526,0.3938150107860565
0,166,0,702,0.33759093284606934
0,166,343,670,0.2515532076358795
0,167,532,1359,0.7067713141441345
0,167,325,1072,0.4716944396495819
0,167,544,1536,0.3292268216609955
0,167,490,526,0.4931778609752655
0,167,0,735,0.3632861375808716
0,167,347,671,0.28782349824905396
0,168,532,1359,0.7429364919662476
0,168,325,1072,0.49108368158340454
0,168,544,1536,0.27065935730934143
0,168,490,527,0.4084012806415558
0,168,0,747,0.3207610547542572
0,168,352,670,0.19621147215366364
0,169,532,1359,0.6864174604415894
0,169,325,1072,0.478784441947937
0,169,545,1536,0.2572758197784424
0,169,490,527,0.40410295128822327
0,169,0,748,0.24036401510238647
0,169,353,668,0.1445513218641281
0,170,532,1359,0.6856494545936584
0,170,326,1072,0.4761662781238556
0,170,544,1535,0.272433876991272
0,170,490,528,0.36103004217147827
0,170,0,714,0.3332623243331909
0,170,367,666,0.10369917750358582
0,171,532,1359,0.6280040740966797
0,171,326,1072,0.48834428191185
0,171,544,1535,0.3265494108200073
0,171,490,528,0.23643606901168823
0,171,0,697,0.30521827936172485
0,172,532,1359,0.6256011128425598
0,172,326,1071,0.41222018003463745
0,172,544,1535,0.37035396695137024
0,172,490,528,0.3189421594142914
0,172,0,692,0.2889671325683594
0,173,531,1359,0.6159524917602539
0,173,326,1071,0.5045574307441711
0,173,544,1535,0.22159820795059204
0,173,491,527,0.26336488127708435
0,173,0,689,0.4030649960041046
0,174,531,1360,0.6449113488197327
0,174,325,1071,0.5356476902961731
0,174,544,1535,0.23915503919124603
0,174,491,528,0.24608659744262695
0,174,0,688,0.4113062024116516
0,175,531,1360,0.6401447653770447
0,175,325,1071,0.4897097051143646
0,175,544,1535,0.19884349405765533
0,175,491,528,0.22086180746555328
0,175,0,688,0.3503190279006958
0,176,531,1360,0.6489772796630859
0,176,325,1071,0.5304884910583496
0,176,544,1535,0.23722118139266968
0,176,491,528,0.2251729667186737
0,176,0,688,0.2924983501434326
0,177,532,1360,0.5691508054733276
0,177,325,1071,0.4824449419975281
0,177,545,1536,0.21300922334194183
0,177,491,528,0.27574583888053894
0,177,0,688,0.34035640954971313
0,178,531,1360,0.5284472107887268
0,178,325,1071,0.4218612611293793
0,178,544,1536,0.34744003415107727
0,178,491,528,0.24090665578842163
0,178,0,688,0.350839227437973
0,179,531,1361,0.4584149718284607
0,179,325,1071,0.3171338737010956
0,179,544,1535,0.3000415563583374
0,179,491,527,0.2054845541715622
0,179,0,687,0.2605845034122467
0,180,531,1362,0.6666829586029053
0,180,325,1071,0.3102843463420868
0,180,544,1536,0.26939988136291504
0,180,491,528,0.18895147740840912
0,180,0,688,0.33379849791526794
0,181,531,1361,0.6369590759277344
0,181,325,1071,0.31840819120407104
0,181,544,1536,0.31016701459884644
0,181,491,527,0.17800310254096985
0,181,0,689,0.3316749036312103
0,182,531,1361,0.6609878540039062
0,182,325,1071,0.29173743724823
0,182,544,1536,0.2933869957923889
0,182,490,526,0.17392149567604065
0,182,0,689,0.31127482652664185
0,183,531,1363,0.5109214186668396
0,183,325,1071,0.31200969219207764
0,183,544,1536,0.42363616824150085
0,183,491,528,0.18977054953575134
0,183,0,689,0.4560856521129608
0,184,531,1365,0.30607205629348755
0,184,325,1071,0.29913321137428284
0,184,544,1535,0.43753233551979065
0,184,491,528,0.1443217694759369
0,184,0,688,0.3432450294494629
0,185,531,1362,0.5687031149864197
0,185,324,1071,0.14262841641902924
0,185,544,1535,0.321140319108963
0,185,491,527,0.16036216914653778
0,185,0,688,0.22165364027023315
0,186,531,1361,0.6664122343063354
0,186,325,1071,0.26894477009773254
0,186,544,1535,0.23378609120845795
0,186,490,527,0.16113074123859406
0,186,0,688,0.40100517868995667
0,187,531,1359,0.6404197216033936
0,187,325,1071,0.20961980521678925
0,187,543,1535,0.15095964074134827
0,187,490,528,0.20902910828590393
0,187,0,688,0.32493239641189575
0,188,531,1358,0.5560559630393982
0,188,324,1070,0.1721436232328415
0,188,544,1535,0.3251848518848419
0,188,490,527,0.21294651925563812
0,188,0,688,0.23882724344730377
0,189,531,1360,0.49921029806137085
0,189,324,1071,0.3413670063018799
0,189,543,1535,0.3559398949146271
0,189,490,526,0.2109215408563614
0,189,0,689,0.2836799621582031
0,190,532,1362,0.5390831828117371
0,190,325,1071,0.40430447459220886
0,190,543,1535,0.41228193044662476
0,190,490,526,0.19005225598812103
0,190,0,689,0.4260152280330658
0,191,532,1361,0.550007164478302
0,191,325,1071,0.41932782530784607
0,191,544,1535,0.4697517156600952
0,191,490,526,0.17388492822647095
0,191,0,689,0.45649009943008423
0,192,532,1362,0.4151621162891388
0,192,325,1071,0.4395311176776886
0,192,544,1535,0.256853848695755
0,192,491,527,0.17870353162288666
0,192,0,689,0.4806680381298065
0,193,532,1361,0.5714026689529419
0,193,325,1071,0.4413467049598694
0,193,545,1536,0.362988144159317
0,193,491,527,0.22221097350120544
0,193,0,690,0.6149500608444214
0,194,532,1361,0.6385374665260315
0,194,325,1071,0.4254334270954132
0,194,544,1535,0.24500367045402527
0,194,491,526,0.19304527342319489
0,194,0,690,0.49483364820480347
0,195,532,1362,0.6972022652626038
0,195,325,1072,0.45499104261398315
0,195,544,1535,0.30311498045921326
0,195,490,527,0.2724025845527649
0,195,0,690,0.5203902125358582
0,195,2,678,0.7201818823814392
0,196,532,1362,0.7448697090148926
0,196,325,1072,0.4287710189819336
0,196,544,1535,0.346271812915802
0,196,490,528,0.29576820135116577
0,196,0,690,0.5794817805290222
0,196,686,967,0.6458681225776672
0,196,0,677,0.7816640734672546
0,197,532,1361,0.7166735529899597
0,197,325,1072,0.4520582854747772
0,197,544,1535,0.38302677869796753
0,197,490,528,0.18322359025478363
0,197,0,691,0.6292468309402466
0,197,0,677,0.49237722158432007
0,197,433,820,0.6796078681945801
0,198,532,1361,0.725199282169342
0,198,325,1072,0.4606820344924927
0,198,544,1535,0.22754859924316406
0,198,490,528,0.17219263315200806
0,198,0,691,0.5740163326263428
0,198,0,678,0.4601069986820221
0,198,433,819,0.7561382055282593
1,198,673,892,0.7533155083656311
0,199,532,1360,0.6843295693397522
0,199,325,1072,0.49167922139167786
0,199,544,1535,0.1890089213848114
0,199,491,528,0.1533707231283188
0,199,0,692,0.5669294595718384
0,199,0,678,0.42838606238365173
0,199,434,818,0.6079338788986206
0,200,532,1360,0.5548074245452881
0,200,325,1072,0.48117706179618835
0,200,544,1535,0.1714237630367279
0,200,491,528,0.15655142068862915
0,200,0,692,0.5268648266792297
0,200,0,674,0.2676009237766266
0,200,434,819,0.6538571715354919
0,200,494,864,0.7734217643737793
0,201,532,1360,0.576895534992218
0,201,325,1072,0.4620678126811981
0,201,544,1535,0.20490573346614838
0,201,490,528,0.19497889280319214
0,201,0,693,0.4751478433609009
0,201,0,673,0.2346530258655548
0,201,434,819,0.460478812456131
0,201,494,860,0.599556028842926
0,202,532,1360,0.6300965547561646
0,202,324,1072,0.48713386058807373
0,202,544,1535,0.157319575548172
0,202,490,528,0.15805815160274506
0,202,0,692,0.5192710161209106
0,202,0,674,0.3070438802242279
0,202,434,819,0.6488126516342163
0,202,494,846,0.1984955221414566
0,203,532,1360,0.629604697227478
0,203,324,1072,0.4921351969242096
0,203,544,1535,0.23784542083740234
0,203,490,528,0.33625271916389465
0,203,0,691,0.46520179510116577
0,203,0,676,0.3580116331577301
0,203,433,818,0.7356806993484497
0,203,494,838,0.5178421139717102
0,204,532,1359,0.6011134386062622
0,204,324,1071,0.50533127784729
0,204,544,1535,0.1658698171377182
0,204,490,528,0.3372761011123657
0,204,0,691,0.46614784002304077
0,204,0,677,0.37588411569595337
0,204,433,816,0.8414368033409119
0,204,494,833,0.32973161339759827
0,205,532,1360,0.7269028425216675
0,205,324,1072,0.48295673727989197
0,205,544,1535,0.25720709562301636
0,205,490,527,0.4562188982963562
0,205,0,691,0.5321642756462097
0,205,0,677,0.41975656151771545
0,205,433,815,0.85777747631073
0,205,493,825,0.1598007082939148
0,206,532,1360,0.6567316651344299
0,206,324,1072,0.4560636281967163
0,206,544,1535,0.30505290627479553
0,206,491,526,0.5776137113571167
0,206,0,691,0.5446448922157288
0,206,0,677,0.5361666679382324
0,206,433,814,0.8821357488632202
0,206,492,817,0.1928168088197708
1,206,663,736,0.5175164341926575
0,207,532,1360,0.608226478099823
0,207,324,1071,0.4316580295562744
0,207,544,1535,0.37316158413887024
0,207,491,525,0.5554913878440857
0,207,0,690,0.37361571192741394
0,207,3,675,0.32727915048599243
0,207,433,813,0.7947531938552856
0,207,491,813,0.1665026843547821
1,207,662,722,0.8087378740310669
0,208,532,1359,0.5944004058837891
0,208,324,1071,0.4534604847431183
0,208,544,1535,0.3037436604499817
0,208,491,525,0.5557234883308411
0,208,0,690,0.5209736227989197
0,208,0,672,0.3676879405975342
0,208,434,812,0.7250431180000305
0,208,489,810,0.23454521596431732
1,208,656,703,0.6949841976165771
0,209,532,1359,0.5835831165313721
0,209,325,1072,0.5088694095611572
0,209,544,1535,0.36040064692497253
0,209,491,525,0.6285819411277771
0,209,0,690,0.5265695452690125
0,209,0,674,0.4602143168449402
0,209,435,811,0.8238852620124817
0,209,487,808,0.4128803312778473
1,209,652,686,0.6422148942947388
0,210,532,1360,0.5836640000343323
0,210,325,1071,0.45310214161872864
0,210,544,1535,0.3821862041950226
0,210,491,525,0.7013341188430786
0,210,0,691,0.4973508417606354
0,210,3,674,0.3871684968471527
0,210,430,810,0.7379660606384277
0,210,479,807,0.15529008209705353
1,210,647,672,0.6010240912437439
0,211,532,1359,0.6597385406494141
0,211,325,1071,0.45095399022102356
0,211,544,1535,0.3931485414505005
0,211,491,527,0.7908992171287537
0,211,0,691,0.47075578570365906
0,211,20,663,0.3027202785015106
0,211,433,810,0.5562237501144409
1,211,638,653,0.6791359782218933
0,212,531,1359,0.7360121011734009
0,212,325,1071,0.4333367943763733
0,212,544,1535,0.3230975270271301
0,212,490,528,0.7913421988487244
0,212,0,690,0.5134297609329224
0,212,97,652,0.2590829133987427
0,212,434,808,0.44093844294548035
1,212,626,639,0.6431294083595276
0,212,780,472,0.6336783766746521
0,213,531,1358,0.7155832648277283
0,213,325,1072,0.4454094469547272
0,213,544,1535,0.20368802547454834
0,213,491,528,0.7747400403022766
0,213,0,690,0.48582133650779724
0,213,115,644,0.2487882673740387
0,213,434,807,0.10674359649419785
1,213,614,628,0.8366091251373291
0,213,780,472,0.6178308129310608
0,214,531,1359,0.7311915159225464
0,214,325,1072,0.46471521258354187
0,214,544,1535,0.3111543655395508
0,214,491,528,0.7659691572189331
0,214,0,690,0.5868486166000366
0,214,130,650,0.18608249723911285
0,214,433,807,0.15013641119003296
1,214,599,617,0.7560895681381226
0,214,780,472,0.5362316370010376
0,215,531,1358,0.6802893280982971
0,215,325,1071,0.42881155014038086
0,215,544,1535,0.3776146471500397
0,215,490,528,0.7418265342712402
0,215,0,690,0.5354211330413818
0,215,171,656,0.13215193152427673
1,215,581,607,0.6087129712104797
0,215,780,472,0.5064424276351929
0,215,586,883,0.5838979482650757
0,216,531,1359,0.6746334433555603
0,216,325,1072,0.5000883340835571
0,216,544,1535,0.36045828461647034
0,216,490,528,0.7576033473014832
0,216,0,690,0.5556079149246216
0,216,149,662,0.1410951465368271
1,216,561,597,0.7199446558952332
0,216,780,472,0.4756637513637543
0,216,585,882,0.6495165228843689
0,217,531,1358,0.63153076171875
0,217,325,1072,0.48092740774154663
0,217,544,1536,0.24231760203838348
0,217,490,528,0.79813152551651
0,217,0,691,0.6268920302391052
0,217,114,622,0.25763121247291565
0,217,780,472,0.48340415954589844
0,217,585,881,0.6283309459686279
0,218,531,1358,0.5770279765129089
0,218,325,1072,0.4755832850933075
0,218,544,1536,0.31708890199661255
0,218,489,528,0.5479201674461365
0,218,0,690,0.5868254899978638
0,218,75,632,0.2897733449935913
0,218,780,473,0.45854371786117554
0,218,585,881,0.5628241896629333
0,219,531,1359,0.5432270765304565
0,219,325,1071,0.4282263517379761
0,219,544,1535,0.26444104313850403
0,219,490,528,0.5952063798904419
0,219,0,690,0.6433547139167786
0,219,95,634,0.25718504190444946
0,219,780,472,0.5259894132614136
0,219,585,881,0.6135927438735962
0,220,531,1362,0.52044278383255
0,220,325,1071,0.40408942103385925
0,220,544,1535,0.1924612671136856
0,220,491,528,0.7668461203575134
0,220,0,689,0.578389048576355
0,220,98,606,0.2984726130962372
0,220,779,472,0.48353317379951477
0,220,584,881,0.549692690372467
0,221,531,1361,0.5007936358451843
0,221,326,1071,0.41088739037513733
0,221,544,1535,0.17805740237236023
0,221,493,528,0.8072159886360168
0,221,0,689,0.5910916328430176
0,221,135,610,0.24101367592811584
0,221,779,472,0.39352428913116455
0,221,584,879,0.3421623706817627
0,222,531,1360,0.470885306596756
0,222,325,1071,0.4327360689640045
0,222,544,1535,0.21749012172222137
0,222,492,527,0.8366703987121582
0,222,0,690,0.5731644630432129
0,222,190,595,0.21908535063266754
0,222,780,471,0.2174656242132187
0,222,583,879,0.22623535990715027
0,223,531,1359,0.5349182486534119
0,223,326,1071,0.4380761384963989
0,223,544,1535,0.18066297471523285
0,223,492,527,0.7931894063949585
0,223,0,689,0.47315070033073425
0,223,229,588,0.2262582778930664
0,223,780,471,0.37099969387054443
0,223,582,879,0.3394702970981598
1,223,432,573,0.7301620244979858
0,224,530,1359,0.5202808976173401
0,224,325,1071,0.43971359729766846
0,224,544,1536,0.18742354214191437
0,224,491,528,0.825982928276062
0,224,0,690,0.541033923625946
0,224,277,589,0.20112986862659454
0,224,780,471,0.28405770659446716
0,224,582,879,0.21619610488414764
1,224,417,574,0.6411010026931763
0,225,530,1360,0.5246773362159729
0,225,325,1071,0.41458436846733093
0,225,544,1535,0.1779504269361496
0,225,491,528,0.8696857690811157
0,225,0,689,0.5124378800392151
0,225,312,616,0.2659507989883423
0,225,779,471,0.4356020390987396
0,225,582,878,0.18968448042869568
1,225,400,577,0.6989738941192627
0,226,531,1360,0.47073718905448914
0,226,325,1071,0.4244028627872467
0,226,544,1535,0.17259548604488373
0,226,491,528,0.902111828327179
0,226,0,691,0.4832878112792969
0,226,331,642,0.24850404262542725
0,226,779,471,0.38259437680244446
0,226,581,878,0.13182663917541504
1,226,385,583,0.7479754686355591
0,227,531,1361,0.5622463226318359
0,227,325,1071,0.37930721044540405
0,227,544,1535,0.22079601883888245
0,227,491,528,0.8816148638725281
0,227,0,690,0.4511021375656128
0,227,339,654,0.292641818523407
0,227,780,472,0.3744625449180603
0,227,580,878,0.12880030274391174
1,227,372,590,0.8658727407455444
0,228,531,1361,0.5387679934501648
0,228,325,1071,0.4287507236003876
0,228,544,1535,0.21646662056446075
0,228,491,528,0.8000926375389099
0,228,0,694,0.46993011236190796
0,228,348,657,0.2714170515537262
0,228,780,472,0.3362550735473633
0,228,579,877,0.14092029631137848
1,228,360,601,0.8952617645263672
0,229,531,1360,0.5117053985595703
0,229,324,1071,0.3680135905742645
0,229,544,1536,0.2500722110271454
0,229,490,528,0.7460434436798096
0,229,0,693,0.4311150908470154
0,229,349,657,0.45704102516174316
0,229,780,471,0.21883374452590942
1,229,349,612,0.8042006492614746
0,230,531,1360,0.4778364300727844
0,230,324,1071,0.31145334243774414
0,230,544,1536,0.24451279640197754
0,230,490,528,0.7706480026245117
0,230,0,692,0.30794718861579895
0,230,347,640,0.32482168078422546
0,230,780,472,0.2306402176618576
1,230,339,624,0.7148969769477844
0,231,531,1361,0.5679576396942139
0,231,324,1072,0.357196182012558
0,231,544,1536,0.26552167534828186
0,231,490,528,0.7668737769126892
0,231,0,721,0.26800355315208435
0,231,354,651,0.3473367691040039
0,231,780,471,0.24940581619739532
1,231,330,637,0.860909640789032
0,232,532,1361,0.40262848138809204
0,232,324,1072,0.3954637944698334
0,232,545,1536,0.15159158408641815
0,232,490,528,0.7024539113044739
0,232,0,721,0.22638675570487976
0,232,346,657,0.3119979500770569
0,232,780,471,0.23595388233661652
1,232,325,651,0.6891705393791199
0,233,532,1361,0.4800680875778198
0,233,325,1072,0.4171752333641052
0,233,545,1535,0.24956245720386505
0,233,490,528,0.7509791254997253
0,233,0,715,0.22063741087913513
0,233,343,660,0.3346361517906189
0,233,780,471,0.26469704508781433
1,233,323,665,0.6137438416481018
0,234,532,1361,0.5264990925788879
0,234,325,1072,0.47263023257255554
0,234,545,1536,0.27868059277534485
0,234,490,528,0.7275908589363098
0,234,3,737,0.20445406436920166
0,234,349,663,0.29782333970069885
0,234,779,471,0.2686202824115753
1,234,330,679,0.3138964772224426
0,235,532,1361,0.6443783044815063
0,235,325,1072,0.5065134167671204
0,235,544,1535,0.3004065454006195
0,235,490,528,0.5765793323516846
0,235,1,751,0.23207081854343414
0,235,353,664,0.3416304886341095
0,235,780,470,0.21826276183128357
1,235,337,695,0.619981050491333
0,236,532,1362,0.6475128531455994
0,236,325,1072,0.4982726275920868
0,236,544,1535,0.2855735421180725
0,236,490,528,0.41691145300865173
0,236,0,711,0.3701556921005249
0,236,345,666,0.38130396604537964
0,236,779,470,0.2407824993133545
1,236,339,707,0.1217736080288887
0,237,532,1361,0.6858850717544556
0,237,324,1072,0.468490332365036
0,237,544,1535,0.28488844633102417
0,237,491,527,0.39646196365356445
0,237,0,701,0.38307496905326843
0,237,345,669,0.3077949285507202
0,237,780,470,0.2096354067325592
0,238,532,1361,0.7190619707107544
0,238,324,1072,0.526858925819397
0,238,544,1535,0.2631363570690155
0,238,490,528,0.49101442098617554
0,238,0,736,0.23314900696277618
0,238,361,666,0.256762832403183
0,238,779,471,0.2133602499961853
0,238,411,902,0.5930435657501221
0,239,532,1361,0.6603908538818359
0,239,325,1072,0.4862368106842041
0,239,544,1535,0.3825497627258301
0,239,490,528,0.5237581133842468
0,239,0,748,0.2263578474521637
0,239,366,665,0.18514755368232727
0,239,780,471,0.15467268228530884
0,240,532,1361,0.6317929029464722
0,240,325,1071,0.5194059610366821
0,240,544,1535,0.29700708389282227
0,240,491,528,0.4790145456790924
0,240,0,753,0.24864670634269714
0,240,371,665,0.2605592906475067
0,240,780,471,0.14623908698558807
0,241,532,1361,0.6734774112701416
0,241,325,1072,0.46102312207221985
0,241,544,1535,0.29112789034843445
0,241,490,528,0.31451621651649475
0,241,0,755,0.26487237215042114
0,241,370,665,0.12457962334156036
0,241,780,471,0.10867928713560104
0,242,532,1360,0.6540018916130066
0,242,325,1072,0.46986594796180725
0,242,544,1535,0.22274693846702576
0,242,491,528,0.3392629027366638
0,242,0,719,0.33360055088996887
0,242,780,471,0.1140320748090744
0,243,532,1361,0.693844735622406
0,243,325,1072,0.4952898919582367
0,243,544,1535,0.2843955457210541
0,243,491,528,0.40739718079566956
0,243,0,700,0.4090306758880615
0,244,532,1361,0.6760435700416565
0,244,325,1072,0.5377352833747864
0,244,544,1535,0.26005688309669495
0,244,491,528,0.30412399768829346
0,244,0,691,0.2942787706851959
0,245,532,1361,0.5611865520477295
0,245,325,1071,0.4046393632888794
0,245,544,1535,0.22136476635932922
0,245,491,528,0.1776571124792099
0,245,0,689,0.36080771684646606
0,246,532,1361,0.5640273690223694
0,246,325,1072,0.46198973059654236
0,246,544,1535,0.2550271451473236
0,246,491,528,0.154046431183815
0,246,0,688,0.2942861020565033
0,247,532,1361,0.4854137599468231
0,247,325,1072,0.4044739603996277
0,247,544,1535,0.2994787096977234
0,247,490,527,0.14106814563274384
0,247,0,688,0.24268612265586853
0,248,533,1363,0.5577244162559509
0,248,324,1072,0.4054836332798004
0,248,544,1535,0.2688976228237152
0,248,491,528,0.16678830981254578
0,248,0,688,0.27145376801490784
0,249,533,1364,0.49289190769195557
0,249,324,1072,0.3507952094078064
0,249,544,1535,0.24326364696025848
0,249,490,527,0.1382884681224823
0,249,0,688,0.3378848135471344
0,250,533,1364,0.38100960850715637
0,250,323,1071,0.21411795914173126
0,250,544,1535,0.41577640175819397
0,250,490,526,0.1509488821029663
0,250,0,688,0.24525706470012665
0,251,532,1361,0.5222229361534119
0,251,324,1071,0.2786867022514343
0,251,545,1536,0.5292918086051941
0,251,491,526,0.14774906635284424
0,251,0,688,0.2810322046279907
0,252,532,1361,0.626247227191925
0,252,324,1071,0.3396168351173401
0,252,545,1536,0.5812723636627197
0,252,491,526,0.13288787007331848
0,252,0,688,0.34315261244773865
0,253,532,1363,0.38375794887542725
0,253,324,1071,0.319112092256546
0,253,544,1536,0.5983031988143921
0,253,491,526,0.17536070942878723
0,253,0,688,0.2713916301727295
0,254,532,1363,0.7223023176193237
0,254,324,1071,0.3686092793941498
0,254,544,1535,0.6844667792320251
0,254,490,526,0.11447156220674515
0,254,0,688,0.3045935332775116
0,255,532,1364,0.19001378118991852
0,255,325,1071,0.39914166927337646
0,255,544,1535,0.43831655383110046
0,255,490,526,0.1062593087553978
0,255,0,689,0.43580153584480286
0,256,532,1366,0.5032416582107544
0,256,325,1072,0.4417000412940979
0,256,544,1535,0.5469350814819336
0,256,0,689,0.42508208751678467
0,257,532,1364,0.6725585460662842
0,257,325,1072,0.42078492045402527
0,257,544,1536,0.5210751295089722
0,257,0,688,0.4198315143585205
0,258,532,1362,0.4609454572200775
0,258,324,1072,0.30588313937187195
0,258,544,1535,0.509960412979126
0,258,0,687,0.23735231161117554
0,259,532,1362,0.4935629665851593
0,259,324,1072,0.37717652320861816
0,259,544,1536,0.4393825829029083
0,259,0,687,0.2901672124862671
0,260,532,1360,0.5062217116355896
0,260,324,1072,0.438028484582901
0,260,544,1536,0.5027158260345459
0,260,0,688,0.3757815659046173
0,261,532,1360,0.584534227848053
0,261,324,1072,0.4861885607242584
0,261,545,1536,0.3820784091949463
0,261,0,688,0.3922508656978607
0,262,532,1359,0.5177087187767029
0,262,324,1072,0.49437054991722107
0,262,544,1536,0.3431940972805023
0,262,0,688,0.3281763792037964
0,263,532,1359,0.5385507941246033
0,263,324,1071,0.5115941166877747
0,263,544,1535,0.25895312428474426
0,263,0,688,0.3219909369945526
0,264,532,1359,0.48696810007095337
0,264,324,1071,0.5064096450805664
0,264,544,1536,0.2381543517112732
0,264,0,688,0.3265164792537689
0,265,532,1359,0.4380049705505371
0,265,324,1071,0.48865535855293274
0,265,544,1535,0.2579553425312042
0,265,0,681,0.6577953100204468
0,266,532,1359,0.46466079354286194
0,266,325,1071,0.47140687704086304
0,266,544,1535,0.3045032322406769
0,266,0,678,0.7821434140205383
0,266,430,818,0.676516056060791
0,267,532,1359,0.4219198226928711
0,267,325,1071,0.4993455708026886
0,267,544,1535,0.2695344090461731
0,267,0,677,0.7475274205207825
0,267,430,818,0.8068926930427551
0,268,532,1359,0.5105037093162537
0,268,325,1071,0.44927358627319336
0,268,544,1535,0.2049833983182907
0,268,0,678,0.5960988998413086
0,268,431,819,0.7744670510292053
1,268,664,894,0.6040420532226562
0,269,532,1358,0.4754360020160675
0,269,325,1071,0.4396723806858063
0,269,544,1535,0.13893726468086243
0,269,0,679,0.6904861330986023
0,269,431,819,0.5659242272377014
1,269,660,880,0.5665266513824463
0,270,532,1359,0.3739827573299408
0,270,325,1071,0.487479567527771
0,270,544,1535,0.15916314721107483
0,270,0,678,0.5611528158187866
0,270,431,819,0.6072356104850769
1,270,661,867,0.11957487463951111
0,270,493,867,0.6384176015853882
0,271,532,1359,0.49072912335395813
0,271,325,1071,0.48010775446891785
0,271,544,1535,0.15882807970046997
0,271,0,672,0.18793880939483643
0,271,431,819,0.5088849067687988
1,271,663,849,0.639392077922821
0,271,494,863,0.5364212393760681
0,272,531,1359,0.5266381502151489
0,272,325,1071,0.5008994936943054
0,272,544,1535,0.17099148035049438
0,272,0,671,0.26744168996810913
0,272,432,820,0.6098982691764832
1,272,662,827,0.5068323612213135
0,272,493,857,0.5015411972999573
0,273,531,1360,0.4039817452430725
0,273,325,1071,0.5340955257415771
0,273,544,1535,0.17486503720283508
0,273,0,672,0.21471437811851501
0,273,432,820,0.8229153156280518
1,273,660,807,0.667582631111145
0,273,493,851,0.46927782893180847
0,274,531,1361,0.3963220417499542
0,274,325,1071,0.5420887470245361
0,274,544,1535,0.21940834820270538
0,274,0,675,0.3330385386943817
0,274,432,817,0.818909764289856
1,274,659,787,0.4711781144142151
0,275,531,1361,0.5163577795028687
0,275,325,1071,0.5400457978248596
0,275,544,1535,0.21175312995910645
0,275,36,675,0.2666637897491455
0,275,433,816,0.8105217814445496
1,275,655,766,0.27724990248680115
0,276,531,1360,0.4536016285419464
0,276,325,1071,0.5451213121414185
0,276,544,1535,0.25035515427589417
0,276,13,672,0.38172274827957153
0,276,434,814,0.8316217064857483
1,276,652,746,0.5588620901107788
0,277,531,1359,0.5773696899414062
0,277,325,1071,0.47013944387435913
0,277,544,1535,0.16476741433143616
0,277,4,674,0.3058170974254608
0,277,434,813,0.8317471742630005
1,277,651,728,0.6811335682868958
0,278,531,1359,0.5693110227584839
0,278,325,1071,0.47496092319488525
0,278,544,1535,0.28914910554885864
0,278,1,671,0.3363494575023651
0,278,435,812,0.7771374583244324
1,278,648,709,0.6899424195289612
0,278,491,526,0.5682665705680847
0,279,531,1359,0.6038753390312195
0,279,325,1071,0.48581239581108093
0,279,544,1536,0.3154933452606201
0,279,1,671,0.3035925328731537
0,279,436,811,0.7859004139900208
1,279,643,692,0.49050214886665344
0,279,491,526,0.5432907938957214
0,279,513,839,0.8665482997894287
0,280,531,1360,0.5858975648880005
0,280,325,1071,0.5506806969642639
0,280,544,1535,0.27376434206962585
0,280,10,671,0.33830419182777405
0,280,435,810,0.6426019668579102
1,280,636,672,0.7438693046569824
0,280,491,527,0.571151614189148
0,280,523,834,0.2030145227909088
0,281,531,1360,0.5388590693473816
0,281,325,1071,0.5129783749580383
0,281,544,1535,0.20089997351169586
0,281,18,674,0.11508972197771072
0,281,435,810,0.5438857078552246
1,281,626,652,0.7195650935173035
0,281,491,528,0.7818056344985962
0,282,531,1360,0.61235111951828
0,282,325,1071,0.5489491820335388
0,282,544,1535,0.13962337374687195
0,282,9,666,0.31359201669692993
0,282,436,808,0.3409876227378845
1,282,617,634,0.8308329582214355
0,282,491,528,0.7048249840736389
0,283,531,1360,0.5411261320114136
0,283,325,1071,0.4722461700439453
0,283,544,1535,0.15248744189739227
0,283,21,658,0.3387715816497803
0,283,436,806,0.10716336220502853
1,283,606,618,0.42490991950035095
0,283,491,528,0.7987717390060425
0,284,531,1358,0.5186423063278198
0,284,325,1071,0.4682803153991699
0,284,34,654,0.3145049810409546
1,284,591,604,0.3578808307647705
0,284,490,528,0.6968148350715637
0,285,531,1359,0.49581149220466614
0,285,325,1071,0.47741514444351196
0,285,12,675,0.5246507525444031
0,285,490,528,0.7606663107872009
0,286,531,1359,0.5418334603309631
0,286,325,1071,0.45336779952049255
0,286,2,686,0.6155480146408081
0,286,490,527,0.7738292813301086
0,287,531,1358,0.48427557945251465
0,287,325,1071,0.4436826705932617
0,287,0,688,0.5621877908706665
0,287,491,527,0.5492168068885803
0,288,531,1358,0.5617756247520447
0,288,325,1071,0.44592180848121643
0,288,0,689,0.5564746856689453
0,288,490,527,0.2863290309906006
0,289,531,1359,0.4898815453052521
0,289,326,1071,0.44816818833351135
0,289,0,689,0.5596405863761902
0,289,490,527,0.1831577867269516
0,290,531,1360,0.5090816617012024
0,290,326,1071,0.4485543966293335
0,290,0,688,0.5097873210906982
0,290,490,527,0.5115966200828552
0,291,531,1359,0.4593086838722229
0,291,326,1071,0.4548322558403015
0,291,0,688,0.5410875082015991
0,291,491,527,0.7852845788002014
0,292,531,1359,0.5555666089057922
0,292,326,1072,0.4187157452106476
0,292,0,688,0.6145498752593994
0,292,492,528,0.8357397317886353
0,293,531,1360,0.5177400708198547
0,293,326,1072,0.42249298095703125
0,293,0,690,0.6315690875053406
0,293,491,528,0.8946241736412048
0,294,532,1360,0.5025656223297119
0,294,326,1072,0.4275113046169281
0,294,0,690,0.5605286955833435
0,294,490,528,0.9306411147117615
0,295,532,1361,0.44894474744796753
0,295,326,1071,0.4277876615524292
0,295,0,691,0.5338466167449951
0,295,491,528,0.8684679865837097
1,295,413,572,0.6473328471183777
0,296,532,1361,0.4843687415122986
0,296,325,1071,0.44286784529685974
0,296,0,688,0.4422443211078644
0,296,491,528,0.8407575488090515
1,296,400,578,0.777898907661438
0,297,532,1361,0.4807903468608856
0,297,325,1071,0.44077882170677185
0,297,0,688,0.39092376828193665
0,297,491,528,0.8862943053245544
1,297,385,586,0.7682138681411743
0,298,532,1360,0.5849281549453735
0,298,325,1071,0.45853468775749207
0,298,0,689,0.36329418420791626
0,298,491,528,0.7117511630058289
1,298,374,596,0.8283422589302063
0,299,532,1362,0.6296619176864624
0,299,326,1072,0.47051137685775757
0,299,0,694,0.5219403505325317
0,299,490,528,0.7975654006004333
1,299,363,607,0.8939526081085205
0,300,532,1361,0.6332498788833618
0,300,326,1071,0.4471855163574219
0,300,0,694,0.45228832960128784
0,300,490,528,0.7349531054496765
1,300,352,619,0.7452999353408813
0,301,532,1362,0.6451271772384644
0,301,326,1071,0.457655131816864
0,301,0,692,0.36610597372055054
0,301,490,528,0.6028377413749695
1,301,346,630,0.7135512232780457
0,302,532,1362,0.6066833734512329
0,302,326,1072,0.4405664801597595
0,302,0,692,0.3084348440170288
0,302,491,528,0.6545625329017639
1,302,342,643,0.8849756121635437
0,303,532,1363,0.6757829785346985
0,303,326,1072,0.3876756429672241
0,303,0,695,0.3136092722415924
0,303,491,528,0.6671820282936096
1,303,341,656,0.7834423780441284
0,304,532,1362,0.6424590349197388
0,304,326,1072,0.4021940231323242
0,304,0,696,0.2816341817378998
0,304,490,528,0.537211537361145
1,304,342,670,0.6616376042366028
0,305,533,1361,0.6232300400733948
0,305,325,1072,0.38940489292144775
0,305,3,692,0.22581633925437927
0,305,491,528,0.47413355112075806
1,305,350,687,0.647907555103302
0,306,533,1361,0.5176730155944824
0,306,326,1072,0.4279823899269104
0,306,1,690,0.38447922468185425
0,306,491,526,0.30153578519821167
1,306,361,704,0.5054745674133301
0,307,533,1361,0.6005330681800842
0,307,325,1072,0.4794827997684479
0,307,0,704,0.3076648414134979
0,307,491,526,0.1977972835302353
0,308,534,1360,0.5584867596626282
0,308,325,1072,0.49289438128471375
0,308,0,714,0.37183481454849243
0,308,490,526,0.17166437208652496
0,309,534,1360,0.6867914199829102
0,309,326,1072,0.5084927678108215
0,309,0,726,0.25196176767349243
0,309,490,526,0.1473287045955658
0,310,533,1361,0.6194608807563782
0,310,326,1072,0.5100176930427551
0,310,0,742,0.30712196230888367
0,310,490,527,0.19014030694961548
0,311,534,1361,0.6459157466888428
0,311,326,1072,0.5089818835258484
0,311,0,749,0.2759622633457184
0,311,490,528,0.14387749135494232
0,312,534,1360,0.580295741558075
0,312,325,1072,0.5025706887245178
0,312,0,750,0.24351073801517487
0,312,491,528,0.25410711765289307
0,313,535,1360,0.6735742688179016
0,313,325,1072,0.5170704126358032
0,313,0,712,0.2216721475124359
0,313,491,528,0.24488870799541473
0,314,535,1360,0.6476696133613586
0,314,325,1071,0.4980758726596832
0,314,0,698,0.32417723536491394
0,314,490,528,0.34221968054771423
0,315,535,1360,0.6649311780929565
0,315,325,1071,0.5119703412055969
0,315,0,691,0.3574879765510559
0,315,490,528,0.16653108596801758
0,316,535,1360,0.6088869571685791
0,316,325,1071,0.5319364666938782
0,316,0,689,0.2967199981212616
0,317,535,1359,0.5825179219245911
0,317,325,1071,0.5031811594963074
0,317,0,689,0.3146681487560272
0,318,535,1359,0.6070132255554199
0,318,324,1070,0.45156270265579224
0,318,0,689,0.3177737891674042
0,319,535,1359,0.5967705845832825
0,319,325,1071,0.5127858519554138
0,319,0,689,0.2822346091270447
0,320,535,1359,0.566047191619873
0,320,325,1071,0.46743541955947876
0,320,3,689,0.29470089077949524
0,321,535,1359,0.6083954572677612
0,321,324,1071,0.4551681578159332
0,321,1,688,0.27590522170066833
0,322,534,1359,0.4656654894351959
0,322,324,1070,0.3480839431285858
0,322,0,687,0.2273647040128708
0,323,534,1359,0.5810626149177551
0,323,324,1070,0.2905772626399994
0,323,0,687,0.2827902138233185
0,324,534,1359,0.7227492332458496
0,324,324,1070,0.33806225657463074
0,324,3,694,0.25136834383010864
0,325,534,1359,0.5617202520370483
0,325,324,1070,0.26974523067474365
0,325,1,690,0.27387189865112305
0,326,534,1361,0.40372416377067566
0,326,324,1070,0.32625454664230347
0,326,4,694,0.31953954696655273
0,327,324,1070,0.32617074251174927
0,327,1,689,0.2798274755477905
0,328,325,1071,0.34566330909729004
0,328,0,688,0.3253526985645294
0,329,325,1071,0.39345210790634155
0,329,0,676,0.5090793967247009
0,329,533,1360,0.5162431597709656
0,330,325,1071,0.3047778904438019
0,330,0,673,0.15492971241474152
0,330,533,1361,0.4618102014064789
0,331,323,1071,0.1945095807313919
0,331,0,682,0.14102381467819214
0,331,532,1358,0.294811874628067
0,332,324,1071,0.3235771656036377
0,332,0,685,0.24484065175056458
0,332,532,1359,0.44287800788879395
0,333,324,1071,0.4318878650665283
0,333,0,686,0.2737480700016022
0,333,532,1358,0.4253140985965729
0,334,324,1071,0.47324317693710327
0,334,0,687,0.28917887806892395
0,334,532,1359,0.41596972942352295
0,335,325,1071,0.47452616691589355
0,335,0,681,0.5073727369308472
0,335,532,1359,0.35982707142829895
0,336,325,1071,0.4551035165786743
0,336,0,679,0.7233358025550842
0,336,532,1359,0.47379806637763977
0,337,325,1071,0.4834575951099396
0,337,0,677,0.6864803433418274
0,337,531,1358,0.42914700508117676
0,338,325,1071,0.45791614055633545
0,338,0,676,0.7524925470352173
0,338,531,1357,0.3912687599658966
0,338,435,816,0.7885696887969971
0,339,325,1071,0.49508023262023926
0,339,0,676,0.7381190061569214
0,339,531,1358,0.40985727310180664
0,339,435,816,0.7688692212104797
1,339,668,927,0.5079942345619202
0,340,325,1071,0.4814682602882385
0,340,0,676,0.6599815487861633
0,340,531,1357,0.34464311599731445
0,340,435,816,0.7458557486534119
1,340,668,920,0.13839329779148102
0,341,325,1071,0.5205188989639282
0,341,0,677,0.6219160556793213
0,341,531,1358,0.580361008644104
0,341,434,816,0.680457592010498
0,341,665,908,0.20383283495903015
0,342,324,1072,0.5242668390274048
0,342,0,678,0.44109800457954407
0,342,531,1359,0.5814581513404846
0,342,434,816,0.6968945264816284
1,342,669,896,0.5115921497344971
0,343,325,1071,0.5217256546020508
0,343,0,678,0.37885987758636475
0,343,531,1359,0.5940322279930115
0,343,433,816,0.7378494143486023
1,343,670,885,0.6375710964202881
0,344,325,1071,0.5136734247207642
0,344,0,678,0.394677996635437
0,344,531,1359,0.5514923334121704
0,344,432,816,0.6299559473991394
1,344,670,870,0.18584266304969788
0,345,325,1071,0.4844633638858795
0,345,0,678,0.1822802573442459
0,345,531,1359,0.5055242776870728
0,345,432,817,0.5493954420089722
1,345,659,850,0.4989412724971771
